{
  "total_tests": 14,
  "passed": 13,
  "failed": 1,
  "failures": [
    {
      "test": "Health Endpoint",
      "error": "timed out"
    }
  ],
  "latencies": [
    7.136944532394409,
    4.807040691375732,
    2.5952823162078857,
    3.670260190963745,
    2.656284809112549,
    2.580087900161743,
    3.019857168197632,
    2.0969882011413574,
    2.0768754482269287,
    2.0766806602478027,
    2.098374605178833,
    2.0628461837768555,
    2.100459575653076,
    2.785193920135498
  ]
}